,y,U_0,U_1,U_2,U_mag,U_mag_mm_per_s,y_um,Relative Error
0,-5e-05,0.0,0.0,0.0,0.0,0.0,-50.0,0.0
1,-4.97996e-05,1.19847e-05,2.86994e-12,1.30587e-28,1.1984700000000345e-05,0.011984700000000344,-49.7996,1.013593599999881e-05
2,-4.95992e-05,2.39695e-05,5.73988e-12,2.61174e-28,2.396950000000069e-05,0.023969500000000688,-49.599199999999996,-1.1922922666938082e-05
3,-4.93988e-05,3.59542e-05,8.60983e-12,3.9176100000000002e-28,3.595420000000103e-05,0.03595420000000103,-49.3988,-6.604324266721213e-05
4,-4.91984e-05,4.79389e-05,1.14798e-11,5.22348e-28,4.793890000000138e-05,0.04793890000000138,-49.1984,-0.00015229169066748502
5,-4.8998e-05,5.99237e-05,1.43497e-11,6.529350000000001e-28,5.992370000000172e-05,0.05992370000000172,-48.998,-0.00027073493333442295
6,-4.87976e-05,7.19084e-05,1.72197e-11,7.8352200000000005e-28,7.190840000000206e-05,0.07190840000000207,-48.7976,-0.0004212396373346842
7,-4.85972e-05,8.38931e-05,2.00896e-11,9.141090000000001e-28,8.389310000000241e-05,0.08389310000000241,-48.5972,-0.0006038724693349651
8,-4.83968e-05,9.58779e-05,2.29595e-11,1.0447000000000001e-27,9.587790000000275e-05,0.09587790000000275,-48.3968,-0.0008187000960016289
9,-4.81964e-05,0.000107551,8.35641e-12,-2.5251599999999998e-27,0.00010755100000000033,0.10755100000000033,-48.1964,-0.0008578558506667314
10,-4.7996e-05,0.000119197,-7.75187e-12,-6.4137799999999995e-27,0.00011919700000000025,0.11919700000000025,-47.996,-0.0009110730666667214
11,-4.77956e-05,0.000130844,-2.38601e-11,-1.03024e-26,0.00013084400000000216,0.13084400000000215,-47.7956,-0.0009970850773346844
12,-4.75952e-05,0.00014249,-3.99684e-11,-1.4191e-26,0.0001424900000000056,0.1424900000000056,-47.5952,-0.0011145585493370265
13,-4.73948e-05,0.000154137,-5.60767e-11,-1.80796e-26,0.00015413700000001018,0.15413700000001018,-47.394800000000004,-0.0012648268160067773
14,-4.71944e-05,0.000165783,-7.2185e-11,-2.19683e-26,0.00016578300000001572,0.16578300000001572,-47.1944,-0.0014465565440105281
15,-4.6994e-05,0.000177429,-8.82932e-11,-2.58569e-26,0.00017742900000002195,0.17742900000002196,-46.994,-0.001660414400014465
16,-4.67936e-05,0.000189076,-1.04402e-10,-2.97455e-26,0.0001890760000000288,0.1890760000000288,-46.7936,-0.0019070670506857363
17,-4.65932e-05,0.000200014,-1.19533e-10,-3.3397400000000004e-26,0.0002000140000000357,0.20001400000003572,-46.5932,-0.0017131811626903877
18,-4.63928e-05,0.00021082,-1.34477e-10,-3.70055e-26,0.00021082000000004287,0.21082000000004286,-46.3928,-0.0014634234026951742
19,-4.61924e-05,0.000221625,-1.49422e-10,-4.06135e-26,0.00022162500000005037,0.22162500000005037,-46.1924,-0.0012451271040335536
20,-4.5992e-05,0.00023243,-1.64366e-10,-4.42216e-26,0.0002324300000000581,0.23243000000005812,-45.992000000000004,-0.001058958933372119
21,-4.57916e-05,0.000243235,-1.79311e-10,-4.78296e-26,0.0002432350000000661,0.2432350000000661,-45.791599999999995,-0.0009049188907105562
22,-4.55912e-05,0.00025404,-1.94255e-10,-5.14377e-26,0.00025404000000007424,0.25404000000007426,-45.5912,-0.000783006976049346
23,-4.53908e-05,0.000264846,-2.09199e-10,-5.50458e-26,0.0002648460000000826,0.2648460000000826,-45.3908,-0.0006938898560549708
24,-4.51904e-05,0.000275651,-2.24144e-10,-5.86538e-26,0.00027565100000009115,0.27565100000009113,-45.1904,-0.0006362341973940033
25,-4.499e-05,0.00028647,-2.35597e-10,-6.206370000000001e-26,0.00028647000000009686,0.28647000000009687,-44.99,-0.0006200400000645478
26,-4.47896e-05,0.00029746,-2.03014e-10,-6.29741e-26,0.00029746000000006927,0.2974600000000693,-44.7896,-0.000749973930712855
27,-4.45892e-05,0.000308449,-1.70431e-10,-6.388440000000001e-26,0.0003084490000000471,0.3084490000000471,-44.589200000000005,-0.0009113693226981227
28,-4.43888e-05,0.000319439,-1.37848e-10,-6.47947e-26,0.00031943900000002974,0.3194390000000297,-44.388799999999996,-0.0011055595093529824
29,-4.41884e-05,0.000330429,-1.05265e-10,-6.5705e-26,0.00033042900000001673,0.33042900000001674,-44.1884,-0.0013318778240110445
30,-4.3988e-05,0.000341419,-7.26818e-11,-6.66154e-26,0.00034141900000000773,0.34141900000000774,-43.988,-0.0015903242666717166
31,-4.37876e-05,0.000352408,-4.00987e-11,-6.75257e-26,0.0003524080000000023,0.3524080000000023,-43.7876,-0.001880232170668128
32,-4.35872e-05,0.000363398,-7.51564e-12,-6.8436e-26,0.0003633980000000001,0.36339800000000005,-43.5872,-0.002202934869333354
33,-4.33868e-05,0.000374388,2.50674e-11,-6.93463e-26,0.0003743880000000009,0.3743880000000009,-43.3868,-0.0025577656960005988
34,-4.31864e-05,0.000385019,5.65808e-11,-7.02184e-26,0.0003850190000000042,0.38501900000000416,-43.1864,-0.0027053913173359736
35,-4.2986e-05,0.000394835,8.56844e-11,-7.103180000000001e-26,0.0003948350000000093,0.39483500000000926,-42.986,-0.0023418117333393975
36,-4.27856e-05,0.000404652,1.14788e-10,-7.18451e-26,0.0004046520000000163,0.4046520000000163,-42.7856,-0.002011026944010711
37,-4.25852e-05,0.000414468,1.43892e-10,-7.26584e-26,0.00041446800000002497,0.414468000000025,-42.5852,-0.00171170361601658
38,-4.23848e-05,0.000424284,1.72995e-10,-7.347170000000001e-26,0.00042428400000003527,0.42428400000003524,-42.3848,-0.0014445084160234674
39,-4.21844e-05,0.000434101,2.02099e-10,-7.4285e-26,0.00043410100000004705,0.43410100000004703,-42.184400000000004,-0.0012101080106979856
40,-4.1984e-05,0.000443917,2.31202e-10,-7.50983e-26,0.00044391700000006017,0.4439170000000602,-41.984,-0.0010071690667068367
41,-4.17836e-05,0.000453733,2.60306e-10,-7.591170000000001e-26,0.00045373300000007465,0.45373300000007466,-41.7836,-0.0008363582507162995
42,-4.15832e-05,0.000463549,2.8941e-10,-7.6725e-26,0.0004635490000000903,0.4635490000000903,-41.5832,-0.0006976755627267073
43,-4.13828e-05,0.000473366,3.18513e-10,-7.75383e-26,0.0004733660000001072,0.4733660000001072,-41.3828,-0.0005917876694047086
44,-4.11824e-05,0.000483222,3.26449e-10,-7.65693e-26,0.00048322200000011027,0.4832220000001103,-41.1824,-0.0005440279040734852
45,-4.0982e-05,0.000493146,2.97432e-10,-7.24888e-26,0.0004931460000000896,0.4931460000000896,-40.982,-0.0005737296000597839
46,-4.07816e-05,0.000503071,2.68415e-10,-6.840830000000001e-26,0.0005030710000000717,0.5030710000000717,-40.781600000000005,-0.0006362260907145275
47,-4.05812e-05,0.000512996,2.39398e-10,-6.43278e-26,0.0005129960000000559,0.5129960000000559,-40.581199999999995,-0.0007308507093704009
48,-4.03808e-05,0.000522921,2.10381e-10,-6.02473e-26,0.0005229210000000423,0.5229210000000423,-40.3808,-0.0008576034560279963
49,-4.01804e-05,0.000532845,1.81364e-10,-5.61669e-26,0.0005328450000000308,0.5328450000000308,-40.1804,-0.0010158176640204057
50,-3.998e-05,0.00054277,1.52347e-10,-5.20864e-26,0.0005427700000000214,0.5427700000000214,-39.98,-0.001206826666680853
51,-3.97796e-05,0.000552695,1.2333e-10,-4.8005900000000003e-26,0.0005526950000000137,0.5526950000000137,-39.7796,-0.00142996379734243
52,-3.95792e-05,0.00056262,9.43135e-11,-4.39254e-26,0.0005626200000000079,0.5626200000000079,-39.5792,-0.0016852290560052108
53,-3.93788e-05,0.000572544,6.52965e-11,-3.98449e-26,0.0005725440000000037,0.5725440000000037,-39.378800000000005,-0.0019719557760025097
54,-3.91784e-05,0.000582059,3.74786e-11,-3.59325e-26,0.0005820590000000012,0.5820590000000012,-39.178399999999996,-0.0020181439573340545
55,-3.8978e-05,0.000591014,1.12981e-11,-3.2250400000000004e-26,0.0005910140000000001,0.591014,-38.978,-0.0017231269333331707
56,-3.87776e-05,0.000599968,-1.48823e-11,-2.85682e-26,0.0005999680000000002,0.5999680000000002,-38.7776,-0.0014595713706667308
57,-3.85772e-05,0.000608923,-4.10628e-11,-2.48861e-26,0.0006089230000000014,0.6089230000000014,-38.5772,-0.0012288106026675887
58,-3.83768e-05,0.000617877,-6.72433e-11,-2.1203900000000002e-26,0.0006178770000000037,0.6178770000000037,-38.3768,-0.0010295112960024462
59,-3.81764e-05,0.000626832,-9.34238e-11,-1.75218e-26,0.000626832000000007,0.6268320000000069,-38.1764,-0.0008630067840046755
60,-3.7976e-05,0.000635786,-1.19604e-10,-1.38397e-26,0.0006357860000000112,0.6357860000000112,-37.976,-0.0007279637333405345
61,-3.77756e-05,0.000644741,-1.45785e-10,-1.01575e-26,0.0006447410000000165,0.6447410000000164,-37.7756,-0.0006257154773442094
62,-3.75752e-05,0.000653696,-1.71965e-10,-6.47536e-27,0.0006536960000000227,0.6536960000000227,-37.5752,-0.0005555953493483479
63,-3.73747e-05,0.00066265,-1.98146e-10,-2.79321e-27,0.0006626500000000296,0.6626500000000296,-37.3747,-0.0005139467026863039
64,-3.71743e-05,0.000671605,-2.24326e-10,8.88935e-28,0.0006716050000000375,0.6716050000000375,-37.1743,-0.0005080988626916897
65,-3.69739e-05,0.000680475,-2.394e-10,3.81866e-27,0.0006804750000000422,0.6804750000000422,-36.9739,-0.00047771248402820693
66,-3.67735e-05,0.000689082,-2.19499e-10,4.37907e-27,0.0006890820000000351,0.689082000000035,-36.773500000000006,-0.00030412090002333397
67,-3.65731e-05,0.000697688,-1.99599e-10,4.9394899999999995e-27,0.0006976880000000285,0.6976880000000285,-36.5731,-0.00016199077735216486
68,-3.63727e-05,0.000706295,-1.79698e-10,5.4999e-27,0.0007062950000000229,0.7062950000000229,-36.372699999999995,-5.2655449348515404e-05
69,-3.61723e-05,0.000714902,-1.59797e-10,6.06031e-27,0.0007149020000000179,0.7149020000000179,-36.1723,2.4551750654818367e-05
70,-3.59719e-05,0.000723508,-1.39897e-10,6.62073e-27,0.0007235080000000135,0.7235080000000136,-35.9719,7.029748932430024e-05
71,-3.57715e-05,0.000732115,-1.19996e-10,7.18114e-27,0.0007321150000000098,0.7321150000000098,-35.7715,8.32484333267806e-05
72,-3.55711e-05,0.000740721,-1.00095e-10,7.74155e-27,0.0007407210000000068,0.7407210000000067,-35.5711,6.473791599555707e-05
73,-3.53707e-05,0.000749328,-8.01948e-11,8.30197e-27,0.0007493280000000043,0.7493280000000043,-35.3707,1.3432603997332038e-05
74,-3.51703e-05,0.000757934,-6.02942e-11,8.86238e-27,0.0007579340000000024,0.7579340000000024,-35.1703,-6.93341693347449e-05
75,-3.49699e-05,0.000766541,-4.03935e-11,9.4228e-27,0.0007665410000000011,0.7665410000000011,-34.969899999999996,-0.00018489573733397138
76,-3.47695e-05,0.000775116,-2.05634e-11,9.97155e-27,0.0007751160000000002,0.7751160000000001,-34.7695,-0.00031125210000001086
77,-3.45691e-05,0.000783203,-1.86549e-12,1.04981e-26,0.000783203,0.783203,-34.5691,-0.00014440325733329948
78,-3.43687e-05,0.000791289,1.68324e-11,1.10247e-26,0.0007912890000000002,0.7912890000000002,-34.368700000000004,-9.0158760001439e-06
79,-3.41683e-05,0.000799376,3.55303e-11,1.15512e-26,0.0007993760000000008,0.7993760000000009,-34.1683,9.357671066601014e-05
80,-3.39679e-05,0.000807462,5.42282e-11,1.2077800000000001e-26,0.0008074620000000018,0.8074620000000019,-33.9679,0.0001647078359989044
81,-3.37675e-05,0.000815548,7.29261e-11,1.2604300000000001e-26,0.0008155480000000033,0.8155480000000033,-33.7675,0.00020371083333118692
82,-3.35671e-05,0.000823635,9.1624e-11,1.3130900000000001e-26,0.0008236350000000051,0.8236350000000051,-33.567099999999996,0.00020991903599668996
83,-3.33667e-05,0.000831721,1.10322e-10,1.36574e-26,0.0008317210000000073,0.8317210000000073,-33.3667,0.00018466577732856315
84,-3.31663e-05,0.000839807,1.2902e-10,1.4184e-26,0.0008398070000000099,0.8398070000000099,-33.1663,0.00012728439066019467
85,-3.29659e-05,0.000847894,1.47718e-10,1.4710500000000002e-26,0.0008478940000000129,0.8478940000000129,-32.965900000000005,3.710820932475064e-05
86,-3.27655e-05,0.00085598,1.66416e-10,1.52371e-26,0.0008559800000000162,0.8559800000000162,-32.7655,-8.452943334417522e-05
87,-3.25651e-05,0.000864066,1.85113e-10,1.57636e-26,0.0008640660000000199,0.8640660000000199,-32.5651,-0.0002382952040131947
88,-3.23647e-05,0.000872129,2.03041e-10,1.6251200000000001e-26,0.0008721290000000237,0.8721290000000237,-32.3647,-0.00040885576934897766
89,-3.21643e-05,0.000879399,1.95205e-10,1.54357e-26,0.0008793990000000217,0.8793990000000217,-32.1643,-8.287779601438376e-05
90,-3.19639e-05,0.000886669,1.87368e-10,1.46202e-26,0.0008866690000000198,0.8866690000000198,-31.963900000000002,0.0002109720493201165
91,-3.17635e-05,0.000893939,1.79532e-10,1.38047e-26,0.000893939000000018,0.8939390000000179,-31.7635,0.0004726937666547452
92,-3.15631e-05,0.000901208,1.71696e-10,1.29891e-26,0.0009012080000000164,0.9012080000000164,-31.563100000000002,0.000702954022655596
93,-3.13627e-05,0.000908478,1.6386e-10,1.2173600000000001e-26,0.0009084780000000147,0.9084780000000148,-31.362699999999997,0.0009004194839903334
94,-3.11623e-05,0.000915748,1.56024e-10,1.1358100000000001e-26,0.0009157480000000133,0.9157480000000133,-31.1623,0.0010657568173246073
95,-3.09619e-05,0.000923018,1.48188e-10,1.05426e-26,0.0009230180000000118,0.9230180000000118,-30.9619,0.0011989660226589354
96,-3.07615e-05,0.000930288,1.40351e-10,9.72707e-27,0.0009302880000000107,0.9302880000000107,-30.7615,0.0013000470999927998
97,-3.05611e-05,0.000937558,1.32515e-10,8.911559999999999e-27,0.0009375580000000093,0.9375580000000093,-30.5611,0.0013690000493270886
98,-3.03607e-05,0.000944827,1.24679e-10,8.09604e-27,0.0009448270000000082,0.9448270000000082,-30.360699999999998,0.0014064915373279696
99,-3.01603e-05,0.000952097,1.16843e-10,7.28052e-27,0.0009520970000000071,0.9520970000000071,-30.1603,0.0014111882306619232
100,-2.99599e-05,0.000959367,1.09007e-10,6.46501e-27,0.0009593670000000062,0.9593670000000062,-29.9599,0.001383756795995857
101,-2.97595e-05,0.000966463,1.01359e-10,5.66861e-27,0.0009664630000000053,0.9664630000000053,-29.7595,0.0014401972333299244
102,-2.95591e-05,0.000973558,9.37106e-11,4.87244e-27,0.0009735580000000046,0.9735580000000046,-29.5591,0.0014651762093302878
103,-2.93587e-05,0.000980653,8.60625e-11,4.07627e-27,0.0009806530000000039,0.9806530000000039,-29.3587,0.0014580270573307796
104,-2.91583e-05,0.000987749,7.84144e-11,3.2801099999999995e-27,0.000987749000000003,0.9877490000000031,-29.1583,0.001418083110664566
105,-2.89579e-05,0.000994844,7.07664e-11,2.4839399999999998e-27,0.0009948440000000025,0.9948440000000025,-28.9579,0.0013466777026651666
106,-2.87575e-05,0.00100194,6.31183e-11,1.6877699999999997e-27,0.001001940000000002,1.001940000000002,-28.7575,0.0012424774999986177
107,-2.85571e-05,0.00100903,5.54703e-11,8.916070000000001e-28,0.0010090300000000015,1.0090300000000014,-28.557100000000002,0.00111014916933246
108,-2.83567e-05,0.00101613,4.78222e-11,9.543999999999999e-29,0.0010161300000000012,1.016130000000001,-28.3567,0.0009390260439993506
109,-2.81563e-05,0.00102323,4.01741e-11,-7.00727e-28,0.0010232300000000008,1.0232300000000008,-28.1563,0.0007357747906662956
110,-2.79559e-05,0.00103032,3.25261e-11,-1.49689e-27,0.0010303200000000004,1.0303200000000003,-27.9559,0.0005070620759997091
111,-2.77555e-05,0.00103742,2.4878e-11,-2.2930599999999997e-27,0.0010374200000000005,1.0374200000000005,-27.755499999999998,0.00023955456666646668
112,-2.75551e-05,0.00104451,1.723e-11,-3.0892299999999998e-27,0.00104451,1.04451,-27.5551,-5.3414404000011e-05
113,-2.73547e-05,0.00105094,1.58872e-11,-3.31105e-27,0.0010509400000000002,1.0509400000000002,-27.3547,6.148849733333961e-05
114,-2.71543e-05,0.00105695,1.8484e-11,-3.17403e-27,0.0010569500000000003,1.0569500000000003,-27.1543,0.00042426327066650654
115,-2.69539e-05,0.00106295,2.10807e-11,-3.03701e-27,0.0010629500000000002,1.0629500000000003,-26.9539,0.0007615765826665862
116,-2.67535e-05,0.00106896,2.36774e-11,-2.8999899999999997e-27,0.0010689600000000003,1.0689600000000004,-26.7535,0.001060095099999862
117,-2.65531e-05,0.00107497,2.62741e-11,-2.76297e-27,0.0010749700000000002,1.0749700000000002,-26.5531,0.0013264854893331919
118,-2.63527e-05,0.00108098,2.88708e-11,-2.62595e-27,0.0010809800000000005,1.0809800000000005,-26.3527,0.0015607477506662804
119,-2.61523e-05,0.00108699,3.14675e-11,-2.48893e-27,0.0010869900000000004,1.0869900000000003,-26.1523,0.0017628818839997191
120,-2.59519e-05,0.00109299,3.40643e-11,-2.3519099999999997e-27,0.0010929900000000005,1.0929900000000006,-25.951900000000002,0.0019395545559997747
121,-2.57515e-05,0.001099,3.6661e-11,-2.21489e-27,0.0010990000000000006,1.0990000000000006,-25.7515,0.0020774324333328784
122,-2.55511e-05,0.00110501,3.92577e-11,-2.07787e-27,0.0011050100000000007,1.1050100000000007,-25.5511,0.0021831821826663322
123,-2.53507e-05,0.00111102,4.18544e-11,-1.94085e-27,0.001111020000000001,1.111020000000001,-25.3507,0.0022568038039993965
124,-2.51503e-05,0.00111703,4.44511e-11,-1.8038299999999997e-27,0.0011170300000000008,1.1170300000000009,-25.150299999999998,0.002298297297332811
125,-2.49499e-05,0.00112303,4.70445e-11,-1.66698e-27,0.0011230300000000008,1.1230300000000009,-24.9499,0.0023143293293328426
126,-2.47495e-05,0.001129,4.96269e-11,-1.5307199999999998e-27,0.001129000000000001,1.1290000000000011,-24.7495,0.0023182332333324673
127,-2.45491e-05,0.00113497,5.22092e-11,-1.39446e-27,0.0011349700000000012,1.1349700000000011,-24.5491,0.0022900090093325907
128,-2.43487e-05,0.00114095,5.47916e-11,-1.25819e-27,0.0011409500000000013,1.1409500000000012,-24.3487,0.0022229899906657615
129,-2.41483e-05,0.00114692,5.73739e-11,-1.1219299999999999e-27,0.0011469200000000016,1.1469200000000015,-24.1483,0.0021305095106656977
130,-2.39479e-05,0.0011529,5.99563e-11,-9.85669e-28,0.0011529000000000016,1.1529000000000016,-23.9479,0.0019992342359988293
131,-2.37475e-05,0.00115887,6.25386e-11,-8.494070000000001e-28,0.0011588700000000015,1.1588700000000016,-23.7475,0.0018424974999988741
132,-2.35471e-05,0.00116485,6.5121e-11,-7.13145e-28,0.001164850000000002,1.164850000000002,-23.5471,0.0016469659693321148
133,-2.33467e-05,0.00117082,6.77033e-11,-5.76883e-28,0.0011708200000000019,1.170820000000002,-23.346700000000002,0.0014259729773321201
134,-2.31463e-05,0.0011768,7.02857e-11,-4.4061999999999995e-28,0.0011768000000000021,1.176800000000002,-23.1463,0.0011661851906654697
135,-2.29459e-05,0.00118277,7.2868e-11,-3.0435800000000003e-28,0.0011827700000000023,1.1827700000000023,-22.9459,0.0008809359426651397
136,-2.27455e-05,0.00118875,7.54504e-11,-1.6809600000000002e-28,0.0011887500000000023,1.1887500000000024,-22.7455,0.0005568918999983019
137,-2.25451e-05,0.00119472,7.80327e-11,-3.18336e-29,0.0011947200000000026,1.1947200000000027,-22.545099999999998,0.0002073863959982288
138,-2.23447e-05,0.00119979,7.78833e-11,-1.18642e-30,0.0011997900000000027,1.1997900000000026,-22.3447,0.000425752763998144
139,-2.21443e-05,0.00120459,7.68995e-11,-2.79965e-30,0.0012045900000000023,1.2045900000000023,-22.1443,0.0007919910039985526
140,-2.19439e-05,0.00120938,7.59156e-11,-4.41288e-30,0.0012093800000000023,1.2093800000000023,-21.9439,0.001132767782665134
141,-2.17435e-05,0.00121418,7.49318e-11,-6.0261e-30,0.0012141800000000024,1.2141800000000025,-21.7435,0.0014347497666652072
142,-2.15431e-05,0.00121898,7.3948e-11,-7.63933e-30,0.001218980000000002,1.2189800000000022,-21.5431,0.0017046036226651868
143,-2.13427e-05,0.00122377,7.29641e-11,-9.25256e-30,0.001223770000000002,1.223770000000002,-21.3427,0.0019489960173322274
144,-2.11423e-05,0.00122857,7.19803e-11,-1.0865800000000001e-29,0.001228570000000002,1.228570000000002,-21.1423,0.002154593617332168
145,-2.09419e-05,0.00123336,7.09965e-11,-1.2479e-29,0.001233360000000002,1.233360000000002,-20.9419,0.002334729755998873
146,-2.07415e-05,0.00123816,7.00126e-11,-1.40923e-29,0.001238160000000002,1.238160000000002,-20.741500000000002,0.002476071099998626
147,-2.05411e-05,0.00124295,6.90288e-11,-1.5705500000000002e-29,0.001242950000000002,1.242950000000002,-20.5411,0.00259195098266544
148,-2.03407e-05,0.00124775,6.8045e-11,-1.73187e-29,0.001247750000000002,1.247750000000002,-20.3407,0.00266903607066545
149,-2.01403e-05,0.00125254,6.70611e-11,-1.8931900000000001e-29,0.0012525400000000016,1.2525400000000015,-20.1403,0.0027206596973323727
150,-1.99399e-05,0.00125734,6.60774e-11,-2.05449e-29,0.0012573400000000018,1.2573400000000017,-19.939899999999998,0.002733488529332343
151,-1.97395e-05,0.00126213,6.50942e-11,-2.21574e-29,0.0012621300000000017,1.2621300000000018,-19.7395,0.0027208558999989307
152,-1.95391e-05,0.00126692,6.4111e-11,-2.3769800000000002e-29,0.0012669200000000015,1.2669200000000014,-19.5391,0.0026760951426658686
153,-1.93387e-05,0.00127172,6.31277e-11,-2.53823e-29,0.0012717200000000016,1.2717200000000015,-19.3387,0.0025925395906657065
154,-1.91383e-05,0.00127651,6.21445e-11,-2.69947e-29,0.0012765100000000015,1.2765100000000016,-19.1383,0.002483522577332309
155,-1.89379e-05,0.0012813,6.11612e-11,-2.86071e-29,0.0012813000000000015,1.2813000000000014,-18.9379,0.0023423774359989658
156,-1.87375e-05,0.0012861,6.0178e-11,-3.02196e-29,0.0012861000000000016,1.2861000000000016,-18.7375,0.0021624374999991147
157,-1.85371e-05,0.00129089,5.91948e-11,-3.1832000000000004e-29,0.0012908900000000016,1.2908900000000016,-18.5371,0.0019570361026655845
158,-1.83367e-05,0.00129568,5.82115e-11,-3.34444e-29,0.0012956800000000013,1.2956800000000013,-18.3367,0.0017195065773324043
159,-1.81363e-05,0.00130047,5.72283e-11,-3.50569e-29,0.0013004700000000013,1.3004700000000013,-18.136300000000002,0.0014498489239989827
160,-1.79359e-05,0.00130527,5.6245e-11,-3.66693e-29,0.0013052700000000012,1.3052700000000013,-17.9359,0.0011413964759993493
161,-1.77355e-05,0.00131006,5.52618e-11,-3.82817e-29,0.0013100600000000011,1.3100600000000011,-17.7355,0.0008074825666658884
162,-1.75351e-05,0.00131485,5.42785e-11,-3.98942e-29,0.001314850000000001,1.3148500000000012,-17.5351,0.00044144052933262995
163,-1.73347e-05,0.00131866,5.33903e-11,-1.34138e-29,0.001318660000000001,1.318660000000001,-17.334699999999998,0.0006966036973327464
164,-1.71343e-05,0.00132225,5.25221e-11,1.90256e-29,0.0013222500000000012,1.3222500000000013,-17.1343,0.0010663054039990645
165,-1.69339e-05,0.00132585,5.1654e-11,5.1465e-29,0.001325850000000001,1.325850000000001,-16.9339,0.0013972123159993188
166,-1.67335e-05,0.00132944,5.07859e-11,8.390440000000001e-29,0.001329440000000001,1.329440000000001,-16.733500000000003,0.0017026577666658937
167,-1.65331e-05,0.00133304,4.99177e-11,1.16344e-28,0.0013330400000000008,1.333040000000001,-16.5331,0.0019693084226659607
168,-1.63327e-05,0.00133663,4.90496e-11,1.4878300000000001e-28,0.0013366300000000008,1.3366300000000007,-16.3327,0.0022104976173327926
169,-1.61323e-05,0.00134023,4.81815e-11,1.8122300000000002e-28,0.0013402300000000008,1.340230000000001,-16.1323,0.0024128920173328203
170,-1.59319e-05,0.00134382,4.73133e-11,2.13662e-28,0.0013438200000000008,1.3438200000000007,-15.931899999999999,0.002589824955999761
171,-1.57315e-05,0.00134742,4.64452e-11,2.4610200000000003e-28,0.0013474200000000009,1.347420000000001,-15.7315,0.002727963099999453
172,-1.55311e-05,0.00135101,4.55771e-11,2.7854100000000003e-28,0.0013510100000000008,1.3510100000000007,-15.5311,0.0028406397826662064
173,-1.53307e-05,0.00135461,4.47089e-11,3.1098e-28,0.0013546100000000007,1.3546100000000008,-15.330699999999998,0.0029145216706661556
174,-1.51303e-05,0.0013582,4.38408e-11,3.4341999999999997e-28,0.0013582000000000006,1.3582000000000005,-15.1303,0.0029629420973328693
175,-1.49299e-05,0.0013618,4.29727e-11,3.7585700000000003e-28,0.0013618000000000007,1.3618000000000008,-14.9299,0.0029725677293329276
176,-1.47295e-05,0.00136539,4.21045e-11,4.08297e-28,0.0013653900000000006,1.3653900000000005,-14.7295,0.0029567318999997503
177,-1.45291e-05,0.00136899,4.12364e-11,4.40737e-28,0.0013689900000000007,1.3689900000000006,-14.5291,0.002902101275999769
178,-1.43287e-05,0.00137258,4.03683e-11,4.731770000000001e-28,0.0013725800000000006,1.3725800000000006,-14.328700000000001,0.002822009190666256
179,-1.41283e-05,0.00137618,3.95001e-11,5.05617e-28,0.0013761800000000007,1.3761800000000006,-14.1283,0.002703122310666236
180,-1.39279e-05,0.00137977,3.8632e-11,5.38057e-28,0.0013797700000000006,1.3797700000000006,-13.9279,0.00255877396933298
181,-1.37275e-05,0.00138337,3.77639e-11,5.7049700000000005e-28,0.0013833700000000005,1.3833700000000004,-13.727500000000001,0.0023756308333332163
182,-1.35271e-05,0.00138696,3.68958e-11,6.029370000000001e-28,0.0013869600000000004,1.3869600000000004,-13.527099999999999,0.002167026235999773
183,-1.33267e-05,0.00139056,3.60276e-11,6.35377e-28,0.0013905600000000005,1.3905600000000005,-13.3267,0.001919626843999822
184,-1.31263e-05,0.00139416,3.51595e-11,6.67817e-28,0.0013941600000000004,1.3941600000000005,-13.1263,0.0016400993239997774
185,-1.29259e-05,0.00139775,3.42914e-11,7.002570000000001e-28,0.0013977500000000003,1.3977500000000003,-12.925899999999999,0.0013351103426666455
186,-1.27255e-05,0.00140135,3.34232e-11,7.32697e-28,0.0014013500000000004,1.4013500000000003,-12.7255,0.0009913265666664135
187,-1.25251e-05,0.00140494,3.25551e-11,7.65137e-28,0.0014049400000000004,1.4049400000000003,-12.5251,0.0006220813293332424
188,-1.23246e-05,0.00140749,3.19729e-11,4.5381e-28,0.0014074900000000002,1.4074900000000001,-12.3246,0.000915027269333161
189,-1.21242e-05,0.00140988,3.14316e-11,9.33738e-29,0.0014098800000000003,1.4098800000000002,-12.1242,0.0012815097439999867
190,-1.19238e-05,0.00141228,3.08903e-11,-2.67063e-28,0.0014122800000000001,1.4122800000000002,-11.9238,0.0016091974239998603
191,-1.17234e-05,0.00141468,3.03489e-11,-6.275e-28,0.0014146800000000002,1.4146800000000002,-11.7234,0.0019047569760000844
192,-1.1523e-05,0.00141708,2.98076e-11,-9.879360000000001e-28,0.0014170800000000005,1.4170800000000006,-11.523,0.002168188399999623
193,-1.13226e-05,0.00141947,2.92663e-11,-1.34837e-27,0.0014194700000000004,1.4194700000000005,-11.322600000000001,0.002406158362666518
194,-1.11222e-05,0.00142187,2.8725e-11,-1.70881e-27,0.0014218700000000002,1.4218700000000002,-11.1222,0.0026053335306664613
195,-1.09218e-05,0.00142427,2.81836e-11,-2.06925e-27,0.0014242700000000003,1.4242700000000004,-10.9218,0.002772380570666607
196,-1.07214e-05,0.00142667,2.76423e-11,-2.4296799999999998e-27,0.0014266700000000003,1.4266700000000003,-10.721400000000001,0.002907299482666511
197,-1.0521e-05,0.00142906,2.7101e-11,-2.7901199999999997e-27,0.0014290600000000004,1.4290600000000004,-10.520999999999999,0.003016756933333179
198,-1.03206e-05,0.00143146,2.65596e-11,-3.15056e-27,0.0014314600000000003,1.4314600000000002,-10.3206,0.003087419589333192
199,-1.01202e-05,0.00143386,2.60183e-11,-3.5109899999999996e-27,0.0014338600000000001,1.4338600000000001,-10.1202,0.003125954117333407
200,-9.91984e-06,0.00143625,2.5477e-11,-3.87143e-27,0.0014362500000000002,1.4362500000000002,-9.91984,0.003138709749759864
201,-9.71944e-06,0.00143865,2.49356e-11,-4.2318699999999995e-27,0.0014386500000000003,1.4386500000000002,-9.71944,0.0031129944345599605
202,-9.51904e-06,0.00144105,2.43943e-11,-4.59231e-27,0.0014410500000000001,1.4410500000000002,-9.519039999999999,0.0030551509913598154
203,-9.31864e-06,0.00144345,2.3853e-11,-4.95275e-27,0.0014434500000000002,1.4434500000000001,-9.31864,0.0029651794201598727
204,-9.11824e-06,0.00144584,2.33117e-11,-5.3132e-27,0.0014458400000000003,1.4458400000000002,-9.11824,0.002849746387626547
205,-8.91784e-06,0.00144824,2.27703e-11,-5.67364e-27,0.00144824,1.44824,-8.91784,0.002695518560426713
206,-8.71743e-06,0.00145064,2.2229e-11,-6.034079999999999e-27,0.00145064,1.45064,-8.717429999999998,0.002509232344706754
207,-8.51703e-06,0.00145303,2.16877e-11,-6.3945199999999996e-27,0.0014530300000000001,1.45303,-8.51703,0.002297413324973352
208,-8.31663e-06,0.00145543,2.11464e-11,-6.754959999999999e-27,0.0014554300000000002,1.4554300000000002,-8.31663,0.002046799510573146
209,-8.11623e-06,0.00145783,2.0605e-11,-7.11541e-27,0.0014578300000000002,1.4578300000000002,-8.116230000000002,0.0017640575681732902
210,-7.91583e-06,0.00146023,2.00637e-11,-7.475849999999999e-27,0.0014602300000000003,1.4602300000000004,-7.91583,0.0014491874977731929
211,-7.71543e-06,0.00146262,1.95224e-11,-7.83629e-27,0.0014626200000000002,1.4626200000000003,-7.71543,0.0011088559660398605
212,-7.51503e-06,0.00146502,1.8981e-11,-8.19673e-27,0.0014650200000000003,1.4650200000000002,-7.515029999999999,0.0007297296396398719
213,-7.31463e-06,0.00146631,1.86052e-11,-8.09712e-27,0.0014663100000000002,1.4663100000000002,-7.31463,0.0010584751852397527
214,-7.11423e-06,0.00146751,1.82427e-11,-7.96023e-27,0.0014675100000000002,1.4675100000000003,-7.11423,0.0014150926028396367
215,-6.91383e-06,0.00146871,1.78803e-11,-7.82335e-27,0.0014687100000000002,1.4687100000000002,-6.91383,0.0017395818924401674
216,-6.71343e-06,0.0014699,1.75178e-11,-7.68646e-27,0.0014699000000000001,1.4699000000000002,-6.713430000000001,0.0020386097207065745
217,-6.51303e-06,0.0014711,1.71554e-11,-7.54958e-27,0.0014711000000000001,1.4711,-6.51303,0.0022988427543066217
218,-6.31263e-06,0.0014723,1.67929e-11,-7.41269e-27,0.0014723,1.4723,-6.3126299999999995,0.0025269476599068716
219,-6.11222e-06,0.0014735,1.64304e-11,-7.2758e-27,0.0014735000000000002,1.4735000000000003,-6.112220000000001,0.0027229733353064667
220,-5.91182e-06,0.0014747,1.6068e-11,-7.13892e-27,0.0014747000000000002,1.4747000000000001,-5.91182,0.002886820381706586
221,-5.71142e-06,0.0014759,1.57055e-11,-7.002029999999999e-27,0.0014759000000000003,1.4759000000000002,-5.7114199999999995,0.0030185393001064633
222,-5.51102e-06,0.00147709,1.53431e-11,-6.86515e-27,0.0014770900000000001,1.4770900000000002,-5.51102,0.0031247967571732538
223,-5.31062e-06,0.00147829,1.49806e-11,-6.728259999999999e-27,0.0014782900000000002,1.47829,-5.31062,0.00319225941957324
224,-5.11022e-06,0.00147949,1.46182e-11,-6.59137e-27,0.00147949,1.47949,-5.11022,0.003227593953973429
225,-4.90982e-06,0.00148069,1.42557e-11,-6.45449e-27,0.00148069,1.48069,-4.90982,0.003230800360373524
226,-4.70942e-06,0.00148189,1.38932e-11,-6.3176099999999995e-27,0.00148189,1.48189,-4.70942,0.0032018786387735254
227,-4.50902e-06,0.00148309,1.35308e-11,-6.18074e-27,0.00148309,1.48309,-4.5090200000000005,0.0031408287891732853
228,-4.30862e-06,0.00148428,1.31683e-11,-6.0438599999999995e-27,0.00148428,1.4842799999999998,-4.30862,0.003054317478240106
229,-4.10822e-06,0.00148548,1.28058e-11,-5.90698e-27,0.00148548,1.48548,-4.108219999999999,0.0029290113726401223
230,-3.90782e-06,0.00148668,1.24434e-11,-5.7701e-27,0.00148668,1.48668,-3.9078199999999996,0.0027715771390400454
231,-3.70741e-06,0.00148788,1.20809e-11,-5.63322e-27,0.00148788,1.48788,-3.7074100000000003,0.0025820444367600595
232,-3.50701e-06,0.00148908,1.17185e-11,-5.496349999999999e-27,0.00148908,1.48908,-3.5070099999999997,0.0023603523439600003
233,-3.30661e-06,0.00149028,1.1356e-11,-5.35947e-27,0.00149028,1.49028,-3.30661,0.002106532123159995
234,-3.10621e-06,0.00149147,1.09935e-11,-5.22259e-27,0.00149147,1.4914699999999999,-3.10621,0.0018272504410266066
235,-2.90581e-06,0.00149267,1.06311e-11,-5.08571e-27,0.00149267,1.49267,-2.9058100000000002,0.0015091739642268582
236,-2.70541e-06,0.00149387,1.02686e-11,-4.94883e-27,0.00149387,1.49387,-2.7054099999999996,0.0011589693594265722
237,-2.50501e-06,0.00149507,9.90616e-12,-4.8119599999999996e-27,0.00149507,1.4950700000000001,-2.50501,0.0007766366266266367
238,-2.30461e-06,0.0014951,9.26666e-12,-4.8834899999999996e-27,0.0014951,1.4951,-2.3046100000000003,0.0011421757658266845
239,-2.10421e-06,0.0014951,8.62008e-12,-4.96035e-27,0.0014951,1.4951,-2.10421,0.0014955867770267695
240,-1.90381e-06,0.0014951,7.97351e-12,-5.0372099999999996e-27,0.0014951,1.4951,-1.90381,0.0018168696602266128
241,-1.70341e-06,0.0014951,7.32693e-12,-5.11407e-27,0.0014951,1.4951,-1.7034099999999999,0.0021060244154266585
242,-1.50301e-06,0.0014951,6.68035e-12,-5.19093e-27,0.0014951,1.4951,-1.50301,0.0023630510426266107
243,-1.30261e-06,0.0014951,6.03378e-12,-5.26779e-27,0.0014951,1.4951,-1.30261,0.0025879495418267653
244,-1.1022e-06,0.0014951,5.3872e-12,-5.34465e-27,0.0014951,1.4951,-1.1022,0.0027807287306666297
245,-9.01804e-07,0.0014951,4.74063e-12,-5.42151e-27,0.0014951,1.4951,-0.9018039999999999,0.0029413664849000654
246,-7.01403e-07,0.0014951,4.09405e-12,-5.49837e-27,0.0014951,1.4951,-0.701403,0.0030698801993029137
247,-5.01002e-07,0.0014951,3.44748e-12,-5.5752299999999994e-27,0.0014951,1.4951,-0.501002,0.0031662654650649693
248,-3.00601e-07,0.0014951,2.8009e-12,-5.65209e-27,0.0014951,1.4951,-0.300601,0.0032305222821860844
249,-1.002e-07,0.0014951,2.15433e-12,-5.7289499999999994e-27,0.0014951,1.4951,-0.1002,0.0032626506506665542
250,1.002e-07,0.0014951,1.50775e-12,-5.80581e-27,0.0014951,1.4951,0.1002,0.003262650650666702
251,3.00601e-07,0.0014951,8.61162e-13,-5.8826799999999994e-27,0.0014951,1.4951,0.300601,0.0032305222821862323
252,5.01002e-07,0.0014951,2.14578e-13,-5.95954e-27,0.0014951,1.4951,0.501002,0.0031662654650649693
253,7.01403e-07,0.0014951,-4.32006e-13,-6.0364e-27,0.0014951,1.4951,0.701403,0.003069880199303062
254,9.01804e-07,0.0014951,-1.07859e-12,-6.11326e-27,0.0014951,1.4951,0.9018039999999999,0.0029413664849002132
255,1.1022e-06,0.0014951,-1.72517e-12,-6.1901199999999994e-27,0.0014951,1.4951,1.1022,0.0027807287306666297
256,1.30261e-06,0.0014951,-2.37176e-12,-6.26698e-27,0.0014951,1.4951,1.30261,0.0025879495418266174
257,1.50301e-06,0.0014951,-3.01834e-12,-6.3438499999999994e-27,0.0014951,1.4951,1.50301,0.0023630510426266107
258,1.70341e-06,0.0014951,-3.66492e-12,-6.42071e-27,0.0014951,1.4951,1.7034099999999999,0.0021060244154266585
259,1.90381e-06,0.0014951,-4.31151e-12,-6.49757e-27,0.0014951,1.4951,1.90381,0.0018168696602266128
260,2.10421e-06,0.0014951,-4.95809e-12,-6.57443e-27,0.0014951,1.4951,2.10421,0.0014955867770266214
261,2.30461e-06,0.0014951,-5.60468e-12,-6.65129e-27,0.0014951,1.4951,2.3046100000000003,0.0011421757658266845
262,2.50501e-06,0.00149507,-6.26941e-12,-6.71276e-27,0.00149507,1.4950700000000001,2.50501,0.0007766366266266367
263,2.70541e-06,0.00149387,-7.63934e-12,-6.1764899999999996e-27,0.00149387,1.49387,2.7054099999999996,0.0011589693594267203
264,2.90581e-06,0.00149267,-9.00926e-12,-5.64021e-27,0.00149267,1.49267,2.9058100000000002,0.0015091739642267103
265,3.10621e-06,0.00149147,-1.03792e-11,-5.10393e-27,0.00149147,1.4914699999999999,3.10621,0.0018272504410267547
266,3.30661e-06,0.00149028,-1.17491e-11,-4.56765e-27,0.00149028,1.49028,3.30661,0.002106532123159847
267,3.50701e-06,0.00148908,-1.3119e-11,-4.03137e-27,0.00148908,1.48908,3.5070099999999997,0.0023603523439600003
268,3.70741e-06,0.00148788,-1.44889e-11,-3.4950899999999995e-27,0.00148788,1.48788,3.7074100000000003,0.0025820444367599116
269,3.90782e-06,0.00148668,-1.58589e-11,-2.95881e-27,0.00148668,1.48668,3.9078199999999996,0.0027715771390400454
270,4.10822e-06,0.00148548,-1.72288e-11,-2.42254e-27,0.0014854800000000002,1.4854800000000001,4.108219999999999,0.002929011372639826
271,4.30862e-06,0.00148428,-1.85987e-11,-1.8862599999999998e-27,0.00148428,1.4842799999999998,4.30862,0.003054317478240106
272,4.50902e-06,0.00148309,-1.99686e-11,-1.3499799999999999e-27,0.0014830900000000003,1.4830900000000002,4.5090200000000005,0.003140828789173137
273,4.70942e-06,0.00148189,-2.13386e-11,-8.137e-28,0.00148189,1.48189,4.70942,0.0032018786387735254
274,4.90982e-06,0.00148069,-2.27085e-11,-2.77422e-28,0.0014806900000000002,1.4806900000000003,4.90982,0.003230800360373228
275,5.11022e-06,0.00147949,-2.40784e-11,2.5886600000000003e-28,0.00147949,1.47949,5.11022,0.003227593953973429
276,5.31062e-06,0.00147829,-2.54483e-11,7.9514600000000005e-28,0.0014782900000000002,1.47829,5.31062,0.003192259419573388
277,5.51102e-06,0.00147709,-2.68182e-11,1.3314299999999998e-27,0.0014770900000000003,1.4770900000000005,5.51102,0.003124796757173106
278,5.71142e-06,0.0014759,-2.81882e-11,1.8677099999999997e-27,0.0014759000000000003,1.4759000000000002,5.7114199999999995,0.0030185393001066116
279,5.91182e-06,0.0014747,-2.95581e-11,2.40399e-27,0.0014747000000000002,1.4747000000000001,5.91182,0.002886820381706586
280,6.11222e-06,0.0014735,-3.0928e-11,2.94027e-27,0.0014735000000000002,1.4735000000000003,6.112220000000001,0.0027229733353066146
281,6.31263e-06,0.0014723,-3.22979e-11,3.47655e-27,0.0014723000000000002,1.4723000000000002,6.3126299999999995,0.0025269476599067233
282,6.51303e-06,0.0014711,-3.36678e-11,4.01282e-27,0.0014711000000000004,1.4711000000000003,6.51303,0.0022988427543066217
283,6.71343e-06,0.0014699,-3.50378e-11,4.5491e-27,0.0014699000000000003,1.4699000000000004,6.713430000000001,0.0020386097207064266
284,6.91383e-06,0.00146871,-3.64077e-11,5.0853799999999994e-27,0.0014687100000000005,1.4687100000000004,6.91383,0.0017395818924398714
285,7.11423e-06,0.00146751,-3.77776e-11,5.62166e-27,0.0014675100000000004,1.4675100000000005,7.11423,0.0014150926028396367
286,7.31463e-06,0.00146631,-3.91475e-11,6.15794e-27,0.0014663100000000006,1.4663100000000007,7.31463,0.0010584751852396046
287,7.51503e-06,0.00146502,-4.03349e-11,6.65792e-27,0.0014650200000000007,1.4650200000000007,7.515029999999999,0.0007297296396395758
288,7.71543e-06,0.00146262,-3.9273e-11,6.71069e-27,0.0014626200000000006,1.4626200000000007,7.71543,0.0011088559660395643
289,7.91583e-06,0.00146023,-3.82112e-11,6.76346e-27,0.0014602300000000005,1.4602300000000006,7.91583,0.001449187497772897
290,8.11623e-06,0.00145783,-3.71493e-11,6.816219999999999e-27,0.0014578300000000005,1.4578300000000004,8.116230000000002,0.0017640575681731423
291,8.31663e-06,0.00145543,-3.60875e-11,6.868989999999999e-27,0.0014554300000000004,1.4554300000000004,8.31663,0.0020467995105729977
292,8.51703e-06,0.00145303,-3.50257e-11,6.92175e-27,0.0014530300000000003,1.4530300000000003,8.51703,0.002297413324973204
293,8.71743e-06,0.00145064,-3.39638e-11,6.97452e-27,0.0014506400000000004,1.4506400000000004,8.717429999999998,0.00250923234470631
294,8.91784e-06,0.00144824,-3.2902e-11,7.02728e-27,0.0014482400000000004,1.4482400000000004,8.91784,0.0026955185604264167
295,9.11824e-06,0.00144584,-3.18401e-11,7.08005e-27,0.0014458400000000005,1.4458400000000005,9.11824,0.0028497463876262508
296,9.31864e-06,0.00144345,-3.07783e-11,7.13281e-27,0.0014434500000000004,1.4434500000000003,9.31864,0.002965179420159725
297,9.51904e-06,0.00144105,-2.97164e-11,7.18558e-27,0.0014410500000000001,1.4410500000000002,9.519039999999999,0.0030551509913598154
298,9.71944e-06,0.00143865,-2.86546e-11,7.238339999999999e-27,0.0014386500000000005,1.4386500000000004,9.71944,0.0031129944345598126
299,9.91984e-06,0.00143625,-2.75927e-11,7.291109999999999e-27,0.0014362500000000002,1.4362500000000002,9.91984,0.003138709749759716
300,1.01202e-05,0.00143386,-2.65309e-11,7.34387e-27,0.0014338600000000001,1.4338600000000001,10.1202,0.0031259541173332592
301,1.03206e-05,0.00143146,-2.5469e-11,7.39664e-27,0.0014314600000000003,1.4314600000000002,10.3206,0.003087419589333192
302,1.0521e-05,0.00142906,-2.44072e-11,7.4494e-27,0.0014290600000000002,1.4290600000000002,10.520999999999999,0.003016756933333179
303,1.07214e-05,0.00142667,-2.33453e-11,7.50217e-27,0.00142667,1.42667,10.721400000000001,0.0029072994826666587
304,1.09218e-05,0.00142427,-2.22835e-11,7.554929999999999e-27,0.0014242700000000003,1.4242700000000004,10.9218,0.0027723805706664586
305,1.11222e-05,0.00142187,-2.12216e-11,7.607700000000001e-27,0.00142187,1.42187,11.1222,0.0026053335306666092
306,1.13226e-05,0.00141947,-2.01598e-11,7.66046e-27,0.0014194700000000002,1.4194700000000002,11.322600000000001,0.002406158362666518
307,1.1523e-05,0.00141708,-1.90979e-11,7.713229999999999e-27,0.0014170800000000002,1.4170800000000003,11.523,0.002168188399999771
308,1.17234e-05,0.00141468,-1.80361e-11,7.76599e-27,0.0014146800000000002,1.4146800000000002,11.7234,0.0019047569759999365
309,1.19238e-05,0.00141228,-1.69742e-11,7.81876e-27,0.0014122800000000001,1.4122800000000002,11.9238,0.0016091974239998603
310,1.21242e-05,0.00140988,-1.59124e-11,7.87152e-27,0.00140988,1.40988,12.1242,0.0012815097439999867
311,1.23246e-05,0.00140749,-1.48505e-11,7.92429e-27,0.0014074900000000002,1.4074900000000001,12.3246,0.0009150272693333091
312,1.25251e-05,0.00140494,-1.42587e-11,7.94417e-27,0.00140494,1.4049399999999999,12.5251,0.0006220813293335384
313,1.27255e-05,0.00140135,-1.69561e-11,7.73393e-27,0.00140135,1.40135,12.7255,0.0009913265666667097
314,1.29259e-05,0.00139775,-1.96535e-11,7.52368e-27,0.0013977500000000001,1.39775,12.925899999999999,0.0013351103426666455
315,1.31263e-05,0.00139415,-2.23509e-11,7.31344e-27,0.0013941500000000003,1.3941500000000002,13.1263,0.0016467659906666359
316,1.33267e-05,0.00139056,-2.50483e-11,7.1032e-27,0.0013905600000000003,1.3905600000000002,13.3267,0.001919626843999822
317,1.35271e-05,0.00138696,-2.77456e-11,6.89295e-27,0.0013869600000000002,1.3869600000000002,13.527099999999999,0.0021670262359999213
318,1.37275e-05,0.00138337,-3.0443e-11,6.68271e-27,0.0013833700000000003,1.3833700000000002,13.727500000000001,0.0023756308333332163
319,1.39279e-05,0.00137977,-3.31404e-11,6.47247e-27,0.0013797700000000004,1.3797700000000004,13.9279,0.00255877396933298
320,1.41283e-05,0.00137618,-3.58378e-11,6.26222e-27,0.0013761800000000005,1.3761800000000004,14.1283,0.0027031223106663838
321,1.43287e-05,0.00137258,-3.85352e-11,6.05198e-27,0.0013725800000000006,1.3725800000000006,14.328700000000001,0.002822009190666256
322,1.45291e-05,0.00136899,-4.12326e-11,5.8417399999999995e-27,0.0013689900000000007,1.3689900000000006,14.5291,0.002902101275999621
323,1.47295e-05,0.00136539,-4.393e-11,5.63149e-27,0.0013653900000000006,1.3653900000000005,14.7295,0.002956731899999602
324,1.49299e-05,0.0013618,-4.66274e-11,5.4212499999999994e-27,0.0013618000000000007,1.3618000000000008,14.9299,0.0029725677293327792
325,1.51303e-05,0.0013582,-4.93247e-11,5.2110399999999995e-27,0.0013582000000000008,1.3582000000000007,15.1303,0.0029629420973327214
326,1.53307e-05,0.00135461,-5.20221e-11,5.00079e-27,0.001354610000000001,1.3546100000000012,15.330699999999998,0.0029145216706658594
327,1.55311e-05,0.00135101,-5.47195e-11,4.7905399999999995e-27,0.001351010000000001,1.351010000000001,15.5311,0.002840639782666058
328,1.57315e-05,0.00134742,-5.74169e-11,4.5803000000000005e-27,0.0013474200000000013,1.3474200000000014,15.7315,0.002727963099999157
329,1.59319e-05,0.00134382,-6.01143e-11,4.37005e-27,0.0013438200000000012,1.3438200000000011,15.931899999999999,0.0025898249559991684
330,1.61323e-05,0.00134023,-6.28117e-11,4.1598000000000004e-27,0.0013402300000000015,1.3402300000000016,16.1323,0.002412892017332228
331,1.63327e-05,0.00133663,-6.55091e-11,3.94955e-27,0.0013366300000000014,1.3366300000000013,16.3327,0.0022104976173324964
332,1.65331e-05,0.00133304,-6.82065e-11,3.7393000000000004e-27,0.0013330400000000017,1.3330400000000018,16.5331,0.0019693084226655166
333,1.67335e-05,0.00132944,-7.09039e-11,3.52906e-27,0.001329440000000002,1.329440000000002,16.733500000000003,0.0017026577666654497
334,1.69339e-05,0.00132585,-7.36013e-11,3.3188099999999996e-27,0.0013258500000000021,1.3258500000000022,16.9339,0.0013972123159984307
335,1.71343e-05,0.00132225,-7.62987e-11,3.10856e-27,0.0013222500000000022,1.3222500000000021,17.1343,0.0010663054039984725
336,1.73347e-05,0.00131866,-7.89961e-11,2.89831e-27,0.0013186600000000023,1.3186600000000024,17.334699999999998,0.0006966036973318582
337,1.75351e-05,0.00131485,-8.07021e-11,2.71156e-27,0.0013148500000000024,1.3148500000000023,17.5351,0.00044144052933188976
338,1.77355e-05,0.00131006,-7.77347e-11,2.63556e-27,0.0013100600000000024,1.3100600000000024,17.7355,0.0008074825666650002
339,1.79359e-05,0.00130527,-7.47673e-11,2.55957e-27,0.0013052700000000023,1.3052700000000022,17.9359,0.001141396475998609
340,1.81363e-05,0.00130047,-7.17999e-11,2.48357e-27,0.001300470000000002,1.300470000000002,18.136300000000002,0.0014498489239985386
341,1.83367e-05,0.00129568,-6.88325e-11,2.4075699999999998e-27,0.0012956800000000017,1.2956800000000017,18.3367,0.0017195065773322564
342,1.85371e-05,0.00129089,-6.58651e-11,2.3315799999999997e-27,0.0012908900000000018,1.2908900000000019,18.5371,0.0019570361026652883
343,1.87375e-05,0.0012861,-6.28977e-11,2.25558e-27,0.0012861000000000016,1.2861000000000016,18.7375,0.0021624374999988185
344,1.89379e-05,0.0012813,-5.99303e-11,2.17958e-27,0.0012813000000000015,1.2813000000000014,18.9379,0.0023423774359991136
345,1.91383e-05,0.00127651,-5.69629e-11,2.10359e-27,0.0012765100000000013,1.2765100000000014,19.1383,0.0024835225773324567
346,1.93387e-05,0.00127172,-5.39955e-11,2.02759e-27,0.0012717200000000011,1.271720000000001,19.3387,0.0025925395906660023
347,1.95391e-05,0.00126692,-5.10282e-11,1.9516e-27,0.001266920000000001,1.266920000000001,19.5391,0.0026760951426661648
348,1.97395e-05,0.00126213,-4.80608e-11,1.8756e-27,0.0012621300000000008,1.2621300000000009,19.7395,0.0027208558999995227
349,1.99399e-05,0.00125734,-4.50934e-11,1.7996e-27,0.0012573400000000009,1.2573400000000008,19.939899999999998,0.0027334885293327873
350,2.01403e-05,0.00125254,-4.21248e-11,1.7235299999999998e-27,0.0012525400000000006,1.2525400000000007,20.1403,0.002720659697333113
351,2.03407e-05,0.00124775,-3.91556e-11,1.6475e-27,0.0012477500000000006,1.2477500000000006,20.3407,0.002669036070666486
352,2.05411e-05,0.00124295,-3.61865e-11,1.5714699999999999e-27,0.0012429500000000005,1.2429500000000004,20.5411,0.002591950982666328
353,2.07415e-05,0.00123816,-3.32174e-11,1.4954399999999999e-27,0.0012381600000000005,1.2381600000000006,20.741500000000002,0.0024760710999996625
354,2.09419e-05,0.00123336,-3.02483e-11,1.41941e-27,0.0012333600000000002,1.2333600000000002,20.9419,0.002334729755999909
355,2.11423e-05,0.00122857,-2.72791e-11,1.34338e-27,0.0012285700000000002,1.2285700000000002,21.1423,0.0021545936173335
356,2.13427e-05,0.00122377,-2.431e-11,1.26735e-27,0.0012237700000000001,1.22377,21.3427,0.0019489960173332637
357,2.15431e-05,0.00121898,-2.13409e-11,1.19132e-27,0.0012189800000000002,1.2189800000000002,21.5431,0.001704603622666519
358,2.17435e-05,0.00121418,-1.83717e-11,1.11528e-27,0.0012141800000000003,1.2141800000000003,21.7435,0.0014347497666665394
359,2.19439e-05,0.00120939,-1.54026e-11,1.0392499999999999e-27,0.0012093900000000003,1.2093900000000002,21.9439,0.0011261011160000518
360,2.21443e-05,0.00120459,-1.24335e-11,9.63222e-28,0.00120459,1.20459,22.1443,0.000791991004000181
361,2.23447e-05,0.00119979,-9.46433e-12,8.87191e-28,0.00119979,1.1997900000000001,22.3447,0.0004257527639997723
362,2.25451e-05,0.00119472,-7.78568e-12,8.19464e-28,0.00119472,1.19472,22.545099999999998,0.00020738639600000516
363,2.27455e-05,0.00118875,-1.03378e-11,7.789570000000001e-28,0.00118875,1.18875,22.7455,0.0005568919000000783
364,2.29459e-05,0.00118277,-1.28898e-11,7.38451e-28,0.00118277,1.18277,22.9459,0.00088093594266662
365,2.31463e-05,0.0011768,-1.54419e-11,6.97944e-28,0.0011768,1.1768,23.1463,0.001166185190666802
366,2.33467e-05,0.00117082,-1.7994e-11,6.57438e-28,0.0011708200000000002,1.1708200000000002,23.346700000000002,0.0014259729773331564
367,2.35471e-05,0.00116485,-2.0546e-11,6.16931e-28,0.0011648500000000003,1.1648500000000002,23.5471,0.001646965969333151
368,2.37475e-05,0.00115887,-2.30981e-11,5.764250000000001e-28,0.0011588700000000002,1.1588700000000003,23.7475,0.0018424974999997623
369,2.39479e-05,0.0011529,-2.56502e-11,5.359180000000001e-28,0.0011529000000000003,1.1529000000000003,23.9479,0.0019992342360000137
370,2.41483e-05,0.00114692,-2.82022e-11,4.954110000000001e-28,0.0011469200000000005,1.1469200000000004,24.1483,0.0021305095106662897
371,2.43487e-05,0.00114095,-3.07543e-11,4.54905e-28,0.0011409500000000004,1.1409500000000004,24.3487,0.002222989990666354
372,2.45491e-05,0.00113497,-3.33064e-11,4.14398e-28,0.0011349700000000003,1.1349700000000003,24.5491,0.0022900090093330347
373,2.47495e-05,0.001129,-3.58585e-11,3.73892e-28,0.0011290000000000007,1.1290000000000007,24.7495,0.0023182332333329114
374,2.49499e-05,0.00112302,-3.84105e-11,3.33385e-28,0.0011230200000000006,1.1230200000000006,24.9499,0.002320995995999849
375,2.51503e-05,0.00111702,-4.09736e-11,2.92578e-28,0.0011170200000000007,1.1170200000000008,25.150299999999998,0.0023049639639993735
376,2.53507e-05,0.00111101,-4.354e-11,2.51839e-28,0.0011110100000000008,1.1110100000000007,25.3507,0.002263470470666107
377,2.55511e-05,0.00110501,-4.61063e-11,2.11101e-28,0.0011050100000000009,1.105010000000001,25.5511,0.002183182182666036
378,2.57515e-05,0.001099,-4.86727e-11,1.70362e-28,0.001099000000000001,1.099000000000001,25.7515,0.00207743243333273
379,2.59519e-05,0.00109299,-5.1239e-11,1.29624e-28,0.0010929900000000014,1.0929900000000015,25.951900000000002,0.0019395545559993306
380,2.61523e-05,0.00108698,-5.38054e-11,8.88852e-29,0.0010869800000000013,1.0869800000000014,26.1523,0.0017695485506655413
381,2.63527e-05,0.00108097,-5.63717e-11,4.81466e-29,0.0010809700000000016,1.0809700000000015,26.3527,0.0015674144173323985
382,2.65531e-05,0.00107496,-5.89381e-11,7.4081e-30,0.0010749600000000015,1.0749600000000015,26.5531,0.0013331521559991621
383,2.67535e-05,0.00106895,-6.15044e-11,-3.33304e-29,0.0010689500000000017,1.0689500000000016,26.7535,0.001066761766665832
384,2.69539e-05,0.00106295,-6.40708e-11,-7.4069e-29,0.001062950000000002,1.062950000000002,26.9539,0.000761576582665254
385,2.71543e-05,0.00105694,-6.66371e-11,-1.14808e-28,0.001056940000000002,1.056940000000002,27.1543,0.0004309299373318846
386,2.73547e-05,0.00105093,-6.92035e-11,-1.55546e-28,0.0010509300000000024,1.0509300000000024,27.3547,6.815516399856965e-05
387,2.75551e-05,0.0010445,-7.02698e-11,-1.46101e-28,0.0010445000000000025,1.0445000000000024,27.5551,-4.6747737334928985e-05
388,2.77555e-05,0.00103741,-6.89328e-11,-5.62496e-29,0.0010374100000000023,1.0374100000000024,27.755499999999998,0.0002462212333316967
389,2.79559e-05,0.00103031,-6.75957e-11,3.36021e-29,0.0010303100000000022,1.030310000000002,27.9559,0.0005137287426652352
390,2.81563e-05,0.00102322,-6.62586e-11,1.23454e-28,0.0010232200000000022,1.0232200000000022,28.1563,0.0007424414573318217
391,2.83567e-05,0.00101612,-6.49215e-11,2.13305e-28,0.001016120000000002,1.0161200000000021,28.3567,0.0009456927106653209
392,2.85571e-05,0.00100903,-6.35845e-11,3.03157e-28,0.001009030000000002,1.0090300000000019,28.557100000000002,0.001110149169332016
393,2.87575e-05,0.00100193,-6.22474e-11,3.93009e-28,0.001001930000000002,1.001930000000002,28.7575,0.001249144166665624
394,2.89579e-05,0.000994838,-6.09103e-11,4.82861e-28,0.000994838000000002,0.994838000000002,28.9579,0.0013506777026652077
395,2.91583e-05,0.000987743,-5.95732e-11,5.72712e-28,0.0009877430000000016,0.9877430000000016,29.1583,0.0014220831106655691
396,2.93587e-05,0.000980648,-5.82361e-11,6.62564e-28,0.0009806480000000017,0.9806480000000017,29.3587,0.0014613603906653931
397,2.95591e-05,0.000973552,-5.68991e-11,7.52416e-28,0.0009735520000000017,0.9735520000000016,29.5591,0.0014691762093324752
398,2.97595e-05,0.000966457,-5.5562e-11,8.42267e-28,0.0009664570000000016,0.9664570000000016,29.7595,0.0014441972333324078
399,2.99599e-05,0.000959362,-5.42249e-11,9.318610000000001e-28,0.0009593620000000015,0.9593620000000015,29.9599,0.001387090129332173
400,3.01603e-05,0.000952093,-5.2855e-11,1.02393e-27,0.0009520930000000015,0.9520930000000015,30.1603,0.0014138548973325153
401,3.03607e-05,0.000944823,-5.1485e-11,1.1159899999999999e-27,0.0009448230000000014,0.9448230000000014,30.360699999999998,0.0014091582039992279
402,3.05611e-05,0.000937554,-5.01151e-11,1.20806e-27,0.0009375540000000014,0.9375540000000013,30.5611,0.001371666715999161
403,3.07615e-05,0.000930284,-4.87452e-11,1.3001299999999999e-27,0.0009302840000000013,0.9302840000000012,30.7615,0.0013027137666659083
404,3.09619e-05,0.000923015,-4.73752e-11,1.3922000000000001e-27,0.0009230150000000012,0.9230150000000013,30.9619,0.0012009660226656542
405,3.11623e-05,0.000915745,-4.60053e-11,1.4842599999999999e-27,0.0009157450000000012,0.9157450000000013,31.1623,0.0010677568173325842
406,3.13627e-05,0.000908476,-4.46354e-11,1.57633e-27,0.000908476000000001,0.9084760000000011,31.362699999999997,0.000901752817332957
407,3.15631e-05,0.000901206,-4.32654e-11,1.6684000000000002e-27,0.0009012060000000011,0.9012060000000011,31.563100000000002,0.0007042873559992557
408,3.17635e-05,0.000893937,-4.18955e-11,1.7604599999999998e-27,0.000893937000000001,0.893937000000001,31.7635,0.00047402709999936715
409,3.19639e-05,0.000886668,-4.05256e-11,1.85253e-27,0.0008866680000000009,0.8866680000000009,31.963900000000002,0.00021163871599938489
410,3.21643e-05,0.000879398,-3.91556e-11,1.9446e-27,0.0008793980000000009,0.8793980000000009,32.1643,-8.221112933393115e-05
411,3.23647e-05,0.000872129,-3.77857e-11,2.0366699999999998e-27,0.0008721290000000008,0.8721290000000008,32.3647,-0.0004088557693335826
412,3.25651e-05,0.000864066,-3.75552e-11,1.93878e-27,0.0008640660000000008,0.8640660000000008,32.5651,-0.00023829520400031612
413,3.27655e-05,0.00085598,-3.73587e-11,1.83521e-27,0.0008559800000000008,0.8559800000000007,32.7655,-8.452943333388714e-05
414,3.29659e-05,0.000847894,-3.71623e-11,1.73165e-27,0.0008478940000000007,0.8478940000000007,32.965900000000005,3.7108209332818255e-05
415,3.31663e-05,0.000839807,-3.69658e-11,1.62808e-27,0.0008398070000000009,0.8398070000000009,33.1663,0.00012728439066596783
416,3.33667e-05,0.000831721,-3.67693e-11,1.52451e-27,0.0008317210000000009,0.8317210000000008,33.3667,0.00018466577733293002
417,3.35671e-05,0.000823635,-3.65729e-11,1.4209399999999998e-27,0.0008236350000000008,0.8236350000000008,33.567099999999996,0.00020991903599957654
418,3.37675e-05,0.000815548,-3.63764e-11,1.3173699999999999e-27,0.0008155480000000008,0.8155480000000008,33.7675,0.00020371083333266723
419,3.39679e-05,0.000807462,-3.618e-11,1.21381e-27,0.0008074620000000008,0.8074620000000008,33.9679,0.00016470783599964456
420,3.41683e-05,0.000799376,-3.59835e-11,1.1102399999999999e-27,0.0007993760000000008,0.7993760000000009,34.1683,9.357671066623219e-05
421,3.43687e-05,0.00079129,-3.57871e-11,1.0066699999999999e-27,0.0007912900000000008,0.7912900000000008,34.368700000000004,-9.682542667125796e-06
422,3.45691e-05,0.000783203,-3.55906e-11,9.03105e-28,0.0007832030000000008,0.7832030000000008,34.5691,-0.00014440325733374357
423,3.47695e-05,0.000775117,-3.53942e-11,7.9953700000000005e-28,0.0007751170000000007,0.7751170000000007,34.7695,-0.00031191876666736285
424,3.49699e-05,0.000766541,-3.5186e-11,6.8748400000000005e-28,0.0007665410000000009,0.7665410000000009,34.969899999999996,-0.00018489573733382336
425,3.51703e-05,0.000757935,-3.49769e-11,5.770660000000001e-28,0.0007579350000000009,0.7579350000000009,35.1703,-7.000083600017248e-05
426,3.53707e-05,0.000749328,-3.47678e-11,4.66648e-28,0.0007493280000000007,0.7493280000000007,35.3707,1.3432603999552484e-05
427,3.55711e-05,0.000740721,-3.45588e-11,3.5623100000000003e-28,0.0007407210000000008,0.7407210000000009,35.5711,6.473791599947987e-05
428,3.57715e-05,0.000732115,-3.43497e-11,2.45813e-28,0.0007321150000000008,0.7321150000000008,35.7715,8.324843333240572e-05
429,3.59719e-05,0.000723508,-3.41406e-11,1.3539500000000001e-28,0.0007235080000000009,0.7235080000000008,35.9719,7.029748933273794e-05
430,3.61723e-05,0.000714902,-3.39316e-11,2.49773e-29,0.0007149020000000009,0.7149020000000009,36.1723,2.4551750666290673e-05
431,3.63727e-05,0.000706295,-3.37225e-11,-8.544040000000001e-29,0.0007062950000000009,0.7062950000000009,36.372699999999995,-5.2655449333638416e-05
432,3.65731e-05,0.000697688,-3.35134e-11,-1.95858e-28,0.0006976880000000009,0.6976880000000009,36.5731,-0.0001619907773339572
433,3.67735e-05,0.000689082,-3.33044e-11,-3.0627600000000004e-28,0.0006890820000000009,0.6890820000000009,36.773500000000006,-0.00030412090000061137
434,3.69739e-05,0.000680475,-3.30953e-11,-4.16694e-28,0.0006804750000000009,0.6804750000000009,36.9739,-0.0004777124840007474
435,3.71743e-05,0.000671604,-3.2619e-11,-4.894180000000001e-28,0.0006716040000000008,0.6716040000000008,37.1743,-0.0005074321960003569
436,3.73747e-05,0.00066265,-3.2058e-11,-5.501880000000001e-28,0.0006626500000000007,0.6626500000000007,37.3747,-0.000513946702666912
437,3.75752e-05,0.000653695,-3.1497e-11,-6.10957e-28,0.0006536950000000008,0.6536950000000008,37.5752,-0.0005549286826670811
438,3.77756e-05,0.00064474,-3.09359e-11,-6.71727e-28,0.0006447400000000007,0.6447400000000008,37.7756,-0.0006250488106667174
439,3.7976e-05,0.000635785,-3.03749e-11,-7.32497e-28,0.0006357850000000008,0.6357850000000008,37.976,-0.0007272970666671874
440,3.81764e-05,0.000626831,-2.98139e-11,-7.93267e-28,0.0006268310000000008,0.6268310000000008,38.1764,-0.0008623401173338449
441,3.83768e-05,0.000617876,-2.92529e-11,-8.540370000000001e-28,0.0006178760000000006,0.6178760000000006,38.3768,-0.001028844629334058
442,3.85772e-05,0.000608921,-2.86918e-11,-9.14807e-28,0.0006089210000000007,0.6089210000000007,38.5772,-0.001227477269333847
443,3.87776e-05,0.000599967,-2.81308e-11,-9.755770000000001e-28,0.0005999670000000006,0.5999670000000006,38.7776,-0.0014589047040000451
444,3.8978e-05,0.000591012,-2.75698e-11,-1.03635e-27,0.0005910120000000007,0.5910120000000006,38.978,-0.0017217936000004652
445,3.91784e-05,0.000582057,-2.70088e-11,-1.09712e-27,0.0005820570000000006,0.5820570000000006,39.178399999999996,-0.002016810624000461
446,3.93788e-05,0.000572542,-2.64128e-11,-1.1604299999999999e-27,0.0005725420000000005,0.5725420000000006,39.378800000000005,-0.0019706224426670658
447,3.95792e-05,0.000562618,-2.57911e-11,-1.22793e-27,0.0005626180000000006,0.5626180000000006,39.5792,-0.0016838957226671762
448,3.97796e-05,0.000552693,-2.51693e-11,-1.2954399999999999e-27,0.0005526930000000006,0.5526930000000005,39.7796,-0.0014286304640001763
449,3.998e-05,0.000542769,-2.45475e-11,-1.3629399999999998e-27,0.0005427690000000006,0.5427690000000006,39.98,-0.0012061600000001782
450,4.01804e-05,0.000532844,-2.39257e-11,-1.43044e-27,0.0005328440000000005,0.5328440000000005,40.1804,-0.0010151509973338098
451,4.03808e-05,0.00052292,-2.33039e-11,-1.4979499999999999e-27,0.0005229200000000005,0.5229200000000005,40.3808,-0.0008569367893334808
452,4.05812e-05,0.000512995,-2.26822e-11,-1.56545e-27,0.0005129950000000006,0.5129950000000005,40.581199999999995,-0.0007301840426664855
453,4.07816e-05,0.000503071,-2.20604e-11,-1.6329499999999998e-27,0.0005030710000000004,0.5030710000000005,40.781600000000005,-0.0006362260906668619
454,4.0982e-05,0.000493146,-2.14386e-11,-1.70046e-27,0.0004931460000000005,0.49314600000000053,40.982,-0.000573729600000239
455,4.11824e-05,0.000483222,-2.08168e-11,-1.76796e-27,0.00048322200000000044,0.48322200000000043,41.1824,-0.0005440279040005805
456,4.13828e-05,0.000473366,-2.00759e-11,-1.70445e-27,0.00047336600000000045,0.47336600000000045,41.3828,-0.0005917876693335803
457,4.15832e-05,0.00046355,-1.92666e-11,-1.56598e-27,0.0004635500000000004,0.4635500000000004,41.5832,-0.000698342229333182
458,4.17836e-05,0.000453734,-1.84574e-11,-1.42751e-27,0.0004537340000000004,0.4537340000000004,41.7836,-0.0008370249173335805
459,4.1984e-05,0.000443917,-1.76482e-11,-1.28903e-27,0.0004439170000000003,0.44391700000000034,41.984,-0.0010071690666668316
460,4.21844e-05,0.000434101,-1.6839e-11,-1.15056e-27,0.0004341010000000003,0.43410100000000035,42.184400000000004,-0.0012101080106672695
461,4.23848e-05,0.000424285,-1.60298e-11,-1.0120899999999999e-27,0.0004242850000000003,0.4242850000000003,42.3848,-0.0014451750826668757
462,4.25852e-05,0.000414469,-1.52206e-11,-8.73614e-28,0.00041446900000000026,0.41446900000000025,42.5852,-0.0017123702826665015
463,4.27856e-05,0.000404653,-1.44114e-11,-7.3514100000000005e-28,0.00040465300000000026,0.40465300000000026,42.7856,-0.002011693610666887
464,4.2986e-05,0.000394836,-1.36022e-11,-5.96668e-28,0.0003948360000000003,0.3948360000000003,42.986,-0.002342478400000273
465,4.31864e-05,0.00038502,-1.2793e-11,-4.5819500000000005e-28,0.00038502000000000024,0.38502000000000025,43.1864,-0.002706057983999847
466,4.33868e-05,0.000374389,-1.19169e-11,-3.06155e-28,0.00037438900000000015,0.37438900000000014,43.3868,-0.0025584323626668772
467,4.35872e-05,0.000363399,-1.10109e-11,-1.5093900000000001e-28,0.00036339900000000014,0.36339900000000014,43.5872,-0.0022036015359998182
468,4.37876e-05,0.000352409,-1.0105e-11,4.27757e-30,0.00035240900000000014,0.35240900000000014,43.7876,-0.0018808988373331854
469,4.3988e-05,0.000341419,-9.19899e-12,1.5949400000000001e-28,0.0003414190000000001,0.3414190000000001,43.988,-0.0015903242666669055
470,4.41884e-05,0.000330429,-8.29302e-12,3.1471e-28,0.0003304290000000001,0.3304290000000001,44.1884,-0.001331877823999868
471,4.43888e-05,0.000319439,-7.38705e-12,4.69926e-28,0.0003194390000000001,0.3194390000000001,44.388799999999996,-0.0011055595093328503
472,4.45892e-05,0.00030845,-6.48108e-12,6.2514200000000005e-28,0.00030845000000000004,0.30845000000000006,44.589200000000005,-0.0009120359893332042
473,4.47896e-05,0.00029746,-5.5751e-12,7.80358e-28,0.00029746000000000004,0.29746000000000006,44.7896,-0.0007499739306665587
474,4.499e-05,0.00028647,-4.66913e-12,9.355740000000001e-28,0.00028647000000000004,0.28647000000000006,44.99,-0.00062004000000034
475,4.51904e-05,0.000275651,-4.07099e-12,6.492190000000001e-28,0.000275651,0.27565100000000003,45.1904,-0.0006362341973332741
476,4.53908e-05,0.000264846,-3.49725e-12,3.27858e-28,0.00026484600000000006,0.2648460000000001,45.3908,-0.0006938898559996076
477,4.55912e-05,0.000254041,-2.92352e-12,6.49644e-30,0.000254041,0.25404099999999996,45.5912,-0.0007836736426665899
478,4.57916e-05,0.000243235,-2.34978e-12,-3.14865e-28,0.000243235,0.243235,45.791599999999995,-0.0009049188906666098
479,4.5992e-05,0.00023243,-1.77604e-12,-6.362260000000001e-28,0.00023243,0.23243,45.992000000000004,-0.001058958933333724
480,4.61924e-05,0.000221625,-1.2023e-12,-9.57588e-28,0.000221625,0.22162500000000002,46.1924,-0.001245127104000025
481,4.63928e-05,0.00021082,-6.28566e-13,-1.27895e-27,0.00021082,0.21081999999999998,46.3928,-0.0014634234026662714
482,4.65932e-05,0.000200014,-5.48279e-14,-1.60031e-27,0.000200014,0.20001400000000003,46.5932,-0.0017131811626667215
483,4.67936e-05,0.000189076,5.26042e-13,-1.92694e-27,0.000189076,0.189076,46.7936,-0.001907067050666733
484,4.6994e-05,0.000177429,1.14446e-12,-2.27318e-27,0.000177429,0.177429,46.994,-0.0016604143999996805
485,4.71944e-05,0.000165783,1.76289e-12,-2.6194199999999998e-27,0.000165783,0.16578299999999999,47.1944,-0.001446556544000092
486,4.73948e-05,0.000154137,2.38131e-12,-2.96566e-27,0.00015413700000000002,0.15413700000000002,47.394800000000004,-0.001264826815999746
487,4.75952e-05,0.00014249,2.99973e-12,-3.3119e-27,0.00014249000000000003,0.14249000000000003,47.5952,-0.0011145585493334924
488,4.77956e-05,0.000130844,3.61815e-12,-3.65813e-27,0.00013084400000000005,0.13084400000000004,47.7956,-0.0009970850773335556
489,4.7996e-05,0.000119198,4.23657e-12,-4.00437e-27,0.00011919800000000009,0.11919800000000008,47.996,-0.0009117397333331667
490,4.81964e-05,0.000107551,4.855e-12,-4.35061e-27,0.00010755100000000011,0.1075510000000001,48.1964,-0.0008578558506661116
491,4.83968e-05,9.58781e-05,5.37113e-12,-4.62355e-27,9.587810000000015e-05,0.09587810000000015,48.3968,-0.0008188334293332452
492,4.85972e-05,8.38933e-05,4.69973e-12,-4.04561e-27,8.389330000000013e-05,0.08389330000000013,48.5972,-0.0006040058026665907
493,4.87976e-05,7.19086e-05,4.02834e-12,-3.46766e-27,7.190860000000013e-05,0.07190860000000013,48.7976,-0.00042137297066704993
494,4.8998e-05,5.99238e-05,3.35695e-12,-2.88972e-27,5.992380000000009e-05,0.05992380000000009,48.998,-0.0002708015999999443
495,4.91984e-05,4.79391e-05,2.68556e-12,-2.31178e-27,4.793910000000008e-05,0.047939100000000075,49.1984,-0.0001524250239995223
496,4.93988e-05,3.59543e-05,2.01417e-12,-1.73383e-27,3.595430000000006e-05,0.035954300000000064,49.3988,-6.610990933330711e-05
497,4.95992e-05,2.39695e-05,1.34278e-12,-1.15589e-27,2.396950000000004e-05,0.02396950000000004,49.599199999999996,-1.192292266664896e-05
498,4.97996e-05,1.19848e-05,6.71391e-13,-5.779440000000001e-28,1.1984800000000018e-05,0.011984800000000018,49.7996,1.0069269333344103e-05
499,5e-05,0.0,0.0,0.0,0.0,0.0,50.0,0.0
